ID,Season,Round,Home,Away,HomeWin,AwayWin,Draw,HomeGoal,AwayGoal,HomeXG,AwayXG,HomePoss,AwayPoss,HomeCaptain,HomeFormation,HomeSH,HomeSOT,HomeDist,HomeFK,HomePK,HomePKAtt,AwayCaptain,AwayFormation,AwaySH,AwaySOT,AwayDist,AwayFK,AwayPK,AwayPKAtt,Referee,Date,Day,Time
3,2021,1,Liverpool,Leeds United,1,0,0,4,3,2.7,0.3,49,51,Jordan Henderson,4-3-3,20,4,18.4,0,2,2,Luke Ayling,4-1-4-1,6,3,19.9,1,0,0,Michael Oliver,2020-09-12,Sat,17:30
15,2021,2,Chelsea,Liverpool,0,1,0,0,2,0.9,2.1,39,61,Jorginho,4-3-3,4,2,22.7,0,0,1,Jordan Henderson,4-3-3,18,5,18.2,1,0,0,Paul Tierney,2020-09-20,Sun,16:30
28,2021,3,Liverpool,Arsenal,1,0,0,3,1,2.7,1.3,66,34,Virgil van Dijk,4-3-3,21,8,17.9,0,0,0,Pierre-Emerick Aubameyang,3-4-3,4,3,15.0,0,0,0,Craig Pawson,2020-09-28,Mon,20:00
38,2021,4,Aston Villa,Liverpool,1,0,0,7,2,2.7,1.8,31,69,Jack Grealish,4-2-3-1,18,11,16.7,0,0,0,Virgil van Dijk,4-3-3,14,8,16.3,1,0,0,Martin Atkinson,2020-10-04,Sun,19:15
39,2021,5,Everton,Liverpool,0,0,1,2,2,1.2,2.6,42,58,Séamus Coleman,4-3-3,11,5,17.4,0,0,0,Jordan Henderson,4-3-3,22,8,16.0,2,0,0,Michael Oliver,2020-10-17,Sat,12:30
53,2021,6,Liverpool,Sheffield United,1,0,0,2,1,2.3,1.6,62,38,Jordan Henderson,4-2-3-1,17,5,18.8,1,0,0,John Egan,3-5-2,12,1,18.5,0,1,1,Mike Dean,2020-10-24,Sat,20:00
62,2021,7,Liverpool,West Ham United,1,0,0,2,1,1.7,0.3,72,28,Jordan Henderson,4-3-3,8,4,20.0,1,1,1,Declan Rice,5-4-1,4,3,14.2,0,0,0,Kevin Friend,2020-10-31,Sat,17:30
77,2021,8,Manchester City,Liverpool,0,0,1,1,1,1.4,1.2,54,46,Kevin De Bruyne,4-2-3-1,6,2,20.6,0,0,1,Jordan Henderson,4-2-3-1,9,2,22.1,1,1,1,Craig Pawson,2020-11-08,Sun,16:30
86,2021,9,Liverpool,Leicester City,1,0,0,3,0,3.1,1.6,56,44,James Milner,4-3-3,24,11,12.7,0,0,0,Kasper Schmeichel,3-4-3,11,4,16.3,0,0,0,Chris Kavanagh,2020-11-22,Sun,19:15
90,2021,10,Brighton And Hove Albion,Liverpool,0,0,1,1,1,2.3,0.2,40,60,Lewis Dunk,3-4-1-2,9,2,20.9,1,1,2,James Milner,4-3-3,6,2,21.1,0,0,0,Stuart Attwell,2020-11-28,Sat,12:30
106,2021,11,Liverpool,Wolverhampton Wanderers,1,0,0,4,0,1.2,0.4,60,40,Jordan Henderson,4-3-3,11,6,17.2,1,0,0,Conor Coady,4-3-3,9,3,18.5,1,0,0,Craig Pawson,2020-12-06,Sun,19:15
115,2021,12,Fulham,Liverpool,0,0,1,1,1,1.5,1.8,26,74,Joachim Andersen,3-4-3,10,5,16.9,0,0,0,Jordan Henderson,4-3-3,11,5,21.7,1,1,1,Andre Marriner,2020-12-13,Sun,16:30
123,2021,13,Liverpool,Tottenham Hotspur,1,0,0,2,1,1.0,1.1,75,25,Jordan Henderson,4-3-3,17,11,16.4,0,0,0,Hugo Lloris,4-4-2,8,2,19.2,1,0,0,Anthony Taylor,2020-12-16,Wed,20:00
128,2021,14,Crystal Palace,Liverpool,0,1,0,0,7,0.3,2.5,36,64,Luka Milivojević,4-4-2,5,3,20.8,0,0,0,Jordan Henderson,4-3-3,14,7,14.1,1,0,0,Jonathan Moss,2020-12-19,Sat,12:30
146,2021,15,Liverpool,West Bromwich Albion,0,0,1,1,1,1.5,0.6,77,23,Jordan Henderson,4-3-3,17,2,19.2,2,0,0,Matt Phillips,4-5-1,5,3,17.5,0,0,0,Kevin Friend,2020-12-27,Sun,16:30
155,2021,16,Newcastle United,Liverpool,0,0,1,0,0,0.5,1.4,28,72,Federico Fernández,5-4-1,8,2,17.0,0,0,0,Jordan Henderson,4-3-3,11,4,18.3,0,0,0,Paul Tierney,2020-12-30,Wed,20:00
164,2021,17,Southampton,Liverpool,1,0,0,1,0,0.4,1.5,34,66,James Ward-Prowse,4-4-2,7,2,25.1,0,0,0,Jordan Henderson,4-3-3,17,1,15.7,0,0,0,Andre Marriner,2021-01-04,Mon,20:00
177,2021,19,Liverpool,Manchester United,0,0,1,0,0,1.2,1.1,65,35,Jordan Henderson,4-3-3,17,3,17.9,0,0,0,Harry Maguire,4-2-3-1,8,4,17.3,2,0,0,Paul Tierney,2021-01-17,Sun,16:30
184,2021,18,Liverpool,Burnley,0,1,0,0,1,1.6,1.1,72,28,Georginio Wijnaldum,4-3-3,27,6,18.6,0,0,0,Ben Mee,4-4-2,5,3,18.2,0,1,1,Mike Dean,2021-01-21,Thu,20:00
195,2021,20,Tottenham Hotspur,Liverpool,0,1,0,1,3,0.1,2.5,50,50,Hugo Lloris,3-4-3,3,2,35.0,0,0,0,Jordan Henderson,4-3-3,14,7,15.5,0,0,0,Martin Atkinson,2021-01-28,Thu,20:00
204,2021,21,West Ham United,Liverpool,0,1,0,1,3,0.8,2.0,33,67,Declan Rice,4-2-3-1,8,2,14.7,0,0,0,Jordan Henderson,4-3-1-2,14,5,15.7,0,0,0,Jonathan Moss,2021-01-31,Sun,16:30
214,2021,22,Liverpool,Brighton And Hove Albion,0,1,0,0,1,1.0,1.3,63,37,Jordan Henderson,4-3-3,11,1,20.9,0,0,0,Lewis Dunk,3-5-2,13,4,13.7,0,0,0,Kevin Friend,2021-02-03,Wed,20:15
223,2021,23,Liverpool,Manchester City,0,1,0,1,4,1.2,3.5,56,44,Jordan Henderson,4-3-3,7,2,19.4,1,1,1,Raheem Sterling,4-3-3,7,5,13.4,0,0,1,Michael Oliver,2021-02-07,Sun,16:30
226,2021,24,Leicester City,Liverpool,1,0,0,3,1,1.9,1.7,38,62,Kasper Schmeichel,4-2-3-1,11,6,18.4,1,0,0,Jordan Henderson,4-3-3,15,4,15.4,2,0,0,Anthony Taylor,2021-02-13,Sat,12:30
241,2021,25,Liverpool,Everton,0,1,0,0,2,1.4,1.6,71,29,Jordan Henderson,4-3-3,15,6,17.1,1,0,0,Séamus Coleman,5-3-2,8,5,22.8,1,1,1,Chris Kavanagh,2021-02-20,Sat,17:30
257,2021,26,Sheffield United,Liverpool,0,1,0,0,2,0.7,2.7,40,60,David McGoldrick,3-5-2,8,2,17.4,0,0,0,Georginio Wijnaldum,4-3-3,16,8,13.9,0,0,0,Jonathan Moss,2021-02-28,Sun,19:15
265,2021,29,Liverpool,Chelsea,0,1,0,0,1,0.3,1.0,54,46,Georginio Wijnaldum,4-3-3,7,1,19.7,0,0,0,César Azpilicueta,3-4-3,11,4,17.7,0,0,0,Martin Atkinson,2021-03-04,Thu,20:15
271,2021,27,Liverpool,Fulham,0,1,0,0,1,0.9,1.3,63,37,James Milner,4-3-3,16,3,17.3,1,0,0,Joachim Andersen,4-4-2,10,3,12.7,0,0,0,Kevin Friend,2021-03-07,Sun,14:00
286,2021,28,Wolverhampton Wanderers,Liverpool,0,1,0,0,1,1.1,0.9,53,47,Conor Coady,3-4-1-2,10,5,15.1,1,0,0,Georginio Wijnaldum,4-3-3,12,4,16.2,0,0,0,Craig Pawson,2021-03-15,Mon,20:00
294,2021,30,Arsenal,Liverpool,0,1,0,0,3,0.1,2.4,36,64,Pierre-Emerick Aubameyang,4-2-3-1,3,2,18.9,0,0,0,James Milner,4-3-3,16,7,18.2,0,0,0,Stuart Attwell,2021-04-03,Sat,20:00
303,2021,31,Liverpool,Aston Villa,1,0,0,2,1,2.3,0.5,65,35,James Milner,4-3-3,23,10,16.7,1,0,0,Tyrone Mings,4-3-3,9,5,17.4,0,0,0,Paul Tierney,2021-04-10,Sat,15:00
316,2021,32,Leeds United,Liverpool,0,0,1,1,1,2.3,1.4,61,39,Luke Ayling,4-1-4-1,12,5,12.0,0,0,0,James Milner,4-3-3,17,7,17.1,0,0,0,Anthony Taylor,2021-04-19,Mon,20:00
322,2021,33,Liverpool,Newcastle United,0,0,1,1,1,2.4,1.0,68,32,Georginio Wijnaldum,4-4-2,22,9,17.6,1,0,0,Jonjo Shelvey,5-3-2,7,4,16.0,0,0,0,Andre Marriner,2021-04-24,Sat,12:30
342,2021,35,Liverpool,Southampton,1,0,0,2,0,1.7,1.1,54,46,Georginio Wijnaldum,4-3-3,14,6,13.6,0,0,0,James Ward-Prowse,4-4-2,12,6,20.3,0,0,0,Kevin Friend,2021-05-08,Sat,20:15
352,2021,34,Manchester United,Liverpool,0,1,0,2,4,1.9,2.7,53,47,Bruno Fernandes,4-2-3-1,18,2,15.5,1,0,0,Georginio Wijnaldum,4-3-3,17,8,14.9,0,0,0,Anthony Taylor,2021-05-13,Thu,20:15
359,2021,36,West Bromwich Albion,Liverpool,0,1,0,1,2,1.0,1.9,24,76,Kyle Bartley,4-4-1-1,9,3,15.6,1,0,0,Roberto Firmino,4-3-3,26,6,18.3,1,0,0,Mike Dean,2021-05-16,Sun,16:30
369,2021,37,Burnley,Liverpool,0,1,0,0,3,0.8,2.6,41,59,Ben Mee,4-4-1-1,10,3,15.3,0,0,0,Georginio Wijnaldum,4-3-3,20,3,16.2,1,0,0,Chris Kavanagh,2021-05-19,Wed,20:15
373,2021,38,Liverpool,Crystal Palace,1,0,0,2,0,1.6,0.6,69,31,Georginio Wijnaldum,4-3-3,19,5,14.7,1,0,0,Gary Cahill,4-3-3,5,4,19.4,1,0,0,Craig Pawson,2021-05-23,Sun,16:00
388,2022,1,Norwich City,Liverpool,0,1,0,0,3,1.4,1.6,50,50,Grant Hanley,4-3-3,14,3,17.1,0,0,0,James Milner,4-3-3,19,6,17.3,1,0,0,Andre Marriner,2021-08-14,Sat,17:30
391,2022,2,Liverpool,Burnley,1,0,0,2,0,2.7,0.9,65,35,Jordan Henderson,4-3-3,27,8,16.1,0,0,0,Ben Mee,4-4-2,9,3,15.3,0,0,0,Mike Dean,2021-08-21,Sat,12:30
407,2022,3,Liverpool,Chelsea,0,0,1,1,1,2.5,0.6,65,35,Jordan Henderson,4-3-3,23,6,16.2,0,1,1,César Azpilicueta,3-4-3,6,3,12.5,0,0,0,Anthony Taylor,2021-08-28,Sat,17:30
419,2022,4,Leeds United,Liverpool,0,1,0,0,3,1.2,4.3,44,56,Liam Cooper,4-1-4-1,9,4,15.2,0,0,0,Virgil van Dijk,4-3-3,30,8,16.1,1,0,0,Craig Pawson,2021-09-12,Sun,16:30
423,2022,5,Liverpool,Crystal Palace,1,0,0,3,0,3.1,0.6,59,41,Jordan Henderson,4-3-3,25,10,16.4,1,0,0,James McArthur,4-3-3,13,2,19.0,1,0,0,Andy Madley,2021-09-18,Sat,15:00
437,2022,6,Brentford,Liverpool,0,0,1,3,3,2.1,2.8,33,67,Pontus Jansson,3-5-2,12,3,12.0,0,0,0,Jordan Henderson,4-3-3,16,5,17.0,1,0,0,Stuart Attwell,2021-09-25,Sat,17:30
450,2022,7,Liverpool,Manchester City,0,0,1,2,2,0.9,1.2,49,51,Jordan Henderson,4-3-3,6,3,15.0,1,0,0,Rúben Dias,4-3-3,12,3,17.0,1,0,0,Paul Tierney,2021-10-03,Sun,16:30
451,2022,8,Watford,Liverpool,0,1,0,0,5,0.5,3.3,25,75,Moussa Sissoko,5-4-1,6,2,18.2,0,0,0,Jordan Henderson,4-3-3,19,8,16.0,0,0,0,Jonathan Moss,2021-10-16,Sat,12:30
470,2022,9,Manchester United,Liverpool,0,1,0,0,5,1.6,3.4,38,62,Harry Maguire,4-2-3-1,12,3,15.5,0,0,0,Jordan Henderson,4-3-3,19,8,16.6,0,0,0,Anthony Taylor,2021-10-24,Sun,16:30
474,2022,10,Liverpool,Brighton And Hove Albion,0,0,1,2,2,1.5,1.0,58,42,Jordan Henderson,4-3-3,14,3,20.8,0,0,0,Lewis Dunk,4-2-3-1,9,6,17.0,0,0,0,Mike Dean,2021-10-30,Sat,15:00
490,2022,11,West Ham United,Liverpool,1,0,0,3,2,1.0,1.2,31,69,Declan Rice,4-2-3-1,7,3,14.5,0,0,0,Jordan Henderson,4-3-3,16,5,16.7,1,0,0,Craig Pawson,2021-11-07,Sun,16:30
498,2022,12,Liverpool,Arsenal,1,0,0,4,0,4.3,0.4,62,38,Virgil van Dijk,4-3-3,19,9,13.4,0,0,0,Pierre-Emerick Aubameyang,4-4-1-1,5,3,19.9,0,0,0,Michael Oliver,2021-11-20,Sat,17:30
502,2022,13,Liverpool,Southampton,1,0,0,4,0,2.9,1.0,64,36,Jordan Henderson,4-3-3,20,6,15.5,0,0,0,James Ward-Prowse,3-4-3,7,3,10.5,0,0,0,Andre Marriner,2021-11-27,Sat,15:00
517,2022,14,Everton,Liverpool,0,1,0,1,4,0.7,2.4,33,67,Séamus Coleman,4-4-2,8,2,20.8,1,0,0,Jordan Henderson,4-3-3,16,7,16.5,1,0,0,Paul Tierney,2021-12-01,Wed,20:15
522,2022,15,Wolverhampton Wanderers,Liverpool,0,1,0,0,1,0.1,2.7,34,66,Conor Coady,3-4-3,3,1,23.7,0,0,0,Jordan Henderson,4-3-3,17,4,13.6,0,0,0,Chris Kavanagh,2021-12-04,Sat,15:00
534,2022,16,Liverpool,Aston Villa,1,0,0,1,0,2.2,0.2,62,38,Jordan Henderson,4-3-3,19,4,16.1,0,1,1,Tyrone Mings,4-3-3,4,0,23.6,1,0,0,Stuart Attwell,2021-12-11,Sat,15:00
545,2022,17,Liverpool,Newcastle United,1,0,0,3,1,2.7,0.3,74,26,Jordan Henderson,4-3-3,23,8,16.4,0,0,0,Jamaal Lascelles,4-5-1,5,3,31.4,2,0,0,Mike Dean,2021-12-16,Thu,20:00
549,2022,18,Tottenham Hotspur,Liverpool,0,0,1,2,2,3.0,1.1,44,56,Hugo Lloris,5-3-2,10,5,10.4,0,0,0,James Milner,4-3-3,18,6,16.7,0,0,0,Paul Tierney,2021-12-19,Sun,16:30
560,2022,20,Leicester City,Liverpool,1,0,0,1,0,0.4,2.3,37,63,Kasper Schmeichel,4-3-1-2,6,1,14.9,0,0,0,Jordan Henderson,4-3-3,20,3,15.0,0,0,1,Michael Oliver,2021-12-28,Tue,20:00
570,2022,21,Chelsea,Liverpool,0,0,1,2,2,1.2,1.3,54,46,César Azpilicueta,3-4-3,15,6,18.0,3,0,0,Jordan Henderson,4-3-3,10,6,17.9,0,0,0,Anthony Taylor,2022-01-02,Sun,16:30
580,2022,22,Liverpool,Brentford,1,0,0,3,0,2.7,0.7,68,32,Jordan Henderson,4-3-3,27,13,16.7,0,0,0,Pontus Jansson,3-5-2,6,1,21.2,0,0,0,Jonathan Moss,2022-01-16,Sun,14:00
592,2022,23,Crystal Palace,Liverpool,0,1,0,1,3,2.2,1.9,43,57,Joel Ward,4-3-3,8,5,12.2,0,0,0,Jordan Henderson,4-3-3,13,6,21.6,0,1,1,Kevin Friend,2022-01-23,Sun,14:00
603,2022,24,Liverpool,Leicester City,1,0,0,2,0,1.8,0.5,64,36,Virgil van Dijk,4-3-3,22,11,15.7,0,0,0,Kasper Schmeichel,4-2-3-1,5,1,17.3,1,0,0,Chris Kavanagh,2022-02-10,Thu,19:45
612,2022,25,Burnley,Liverpool,0,1,0,0,1,1.5,1.7,34,66,Ben Mee,4-4-2,8,5,19.3,0,0,0,Jordan Henderson,4-3-3,12,4,14.4,0,0,0,Martin Atkinson,2022-02-13,Sun,14:00
620,2022,26,Liverpool,Norwich City,1,0,0,3,1,3.6,0.6,69,31,Jordan Henderson,4-3-3,29,7,17.8,0,0,0,Grant Hanley,4-3-3,6,1,17.8,0,0,0,Mike Dean,2022-02-19,Sat,15:00
627,2022,19,Liverpool,Leeds United,1,0,0,6,0,5.9,0.2,63,37,Virgil van Dijk,4-3-3,21,12,17.7,0,2,2,Luke Ayling,4-1-4-1,3,2,21.1,0,0,0,Michael Oliver,2022-02-23,Wed,19:45
644,2022,28,Liverpool,West Ham United,1,0,0,1,0,2.4,1.3,68,32,Jordan Henderson,4-3-3,22,5,19.1,1,0,0,Aaron Cresswell,4-4-2,13,4,14.9,0,0,0,Jonathan Moss,2022-03-05,Sat,17:30
652,2022,29,Brighton And Hove Albion,Liverpool,0,1,0,0,2,0.5,2.2,52,48,Lewis Dunk,4-2-3-1,8,3,18.4,0,0,0,Jordan Henderson,4-3-3,17,8,15.2,0,1,1,Mike Dean,2022-03-12,Sat,12:30
663,2022,27,Arsenal,Liverpool,0,1,0,0,2,0.5,0.8,49,51,Alexandre Lacazette,4-2-3-1,9,2,22.5,0,0,0,Jordan Henderson,4-3-3,9,3,14.4,0,0,0,Andre Marriner,2022-03-16,Wed,20:15
669,2022,31,Liverpool,Watford,1,0,0,2,0,2.2,0.6,73,27,Jordan Henderson,4-3-3,19,2,18.7,0,1,1,Moussa Sissoko,4-1-4-1,5,2,15.3,0,0,0,Stuart Attwell,2022-04-02,Sat,12:30
689,2022,32,Manchester City,Liverpool,0,0,1,2,2,1.3,1.3,55,45,Kevin De Bruyne,4-2-3-1,11,4,17.8,1,0,0,Jordan Henderson,4-3-3,6,4,22.9,0,0,0,Anthony Taylor,2022-04-10,Sun,16:30
696,2022,30,Liverpool,Manchester United,1,0,0,4,0,2.0,0.1,71,29,Jordan Henderson,4-3-3,14,5,15.5,0,0,0,Harry Maguire,3-4-3,2,1,21.0,0,0,0,Martin Atkinson,2022-04-19,Tue,20:00
710,2022,34,Liverpool,Everton,1,0,0,2,0,1.7,0.4,82,18,Virgil van Dijk,4-3-3,18,4,15.3,0,0,0,Séamus Coleman,4-3-3,9,1,19.1,1,0,0,Stuart Attwell,2022-04-24,Sun,16:30
713,2022,35,Newcastle United,Liverpool,0,1,0,0,1,0.2,2.3,36,64,Jonjo Shelvey,4-3-3,4,2,28.3,1,0,0,Jordan Henderson,4-3-3,24,10,17.7,2,0,0,Andre Marriner,2022-04-30,Sat,12:30
728,2022,36,Liverpool,Tottenham Hotspur,0,0,1,1,1,1.3,0.9,64,36,Jordan Henderson,4-3-3,22,3,19.6,1,0,0,Hugo Lloris,3-4-3,8,3,17.5,0,0,0,Michael Oliver,2022-05-07,Sat,19:45
733,2022,33,Aston Villa,Liverpool,0,1,0,1,2,1.4,1.8,40,60,Tyrone Mings,4-3-1-2,9,4,13.7,0,0,0,Virgil van Dijk,4-3-3,17,5,17.0,2,0,0,Jonathan Moss,2022-05-10,Tue,20:00
747,2022,37,Southampton,Liverpool,0,1,0,1,2,0.1,1.3,30,70,James Ward-Prowse,5-4-1,4,2,25.2,1,0,0,James Milner,4-3-3,24,5,18.6,0,0,0,Martin Atkinson,2022-05-17,Tue,19:45
752,2022,38,Liverpool,Wolverhampton Wanderers,1,0,0,3,1,2.7,1.3,63,37,Jordan Henderson,4-3-3,29,7,15.6,0,0,0,Conor Coady,3-5-2,7,5,14.7,0,0,0,Anthony Taylor,2022-05-22,Sun,16:00
762,2023,1,Fulham,Liverpool,0,0,1,2,2,1.2,1.2,33,67,Tim Ream,4-2-3-1,8,2,18.4,0,1,1,Jordan Henderson,4-3-3,11,3,12.4,0,0,0,Andy Madley,2022-08-06,Sat,12:30
780,2023,2,Liverpool,Crystal Palace,0,0,1,1,1,2.0,1.0,72,28,James Milner,4-3-3,24,4,17.4,0,0,0,Joel Ward,5-4-1,7,3,14.7,0,0,0,Paul Tierney,2022-08-15,Mon,20:00
790,2023,3,Manchester United,Liverpool,1,0,0,2,1,1.8,1.3,30,70,Bruno Fernandes,4-2-3-1,13,5,19.5,2,0,0,Jordan Henderson,4-3-3,17,5,14.4,0,0,0,Michael Oliver,2022-08-22,Mon,20:00
796,2023,4,Liverpool,Bournemouth,1,0,0,9,0,3.3,0.3,69,31,Jordan Henderson,4-3-3,19,12,11.6,0,0,0,Adam Smith,4-2-3-1,5,2,18.2,0,0,0,Stuart Attwell,2022-08-27,Sat,15:00
809,2023,5,Liverpool,Newcastle United,1,0,0,2,1,1.5,0.7,72,28,Jordan Henderson,4-3-3,23,6,17.8,0,0,0,Jamaal Lascelles,4-3-3,5,2,18.2,1,0,0,Andre Marriner,2022-08-31,Wed,20:00
811,2023,6,Everton,Liverpool,0,0,1,0,0,1.7,2.1,39,61,Jordan Pickford,4-3-3,14,3,15.5,0,0,0,Virgil van Dijk,4-3-3,23,8,13.1,0,0,0,Anthony Taylor,2022-09-03,Sat,12:30
830,2023,9,Liverpool,Brighton And Hove Albion,0,0,1,3,3,1.5,1.4,54,46,Jordan Henderson,4-3-3,15,7,16.8,1,0,0,Lewis Dunk,3-4-3,6,6,10.0,0,0,0,Andy Madley,2022-10-01,Sat,15:00
845,2023,10,Arsenal,Liverpool,1,0,0,3,2,2.7,1.1,43,57,Martin Ødegaard,4-3-3,10,6,14.3,0,1,1,Jordan Henderson,4-2-3-1,8,3,18.0,0,0,0,Michael Oliver,2022-10-09,Sun,16:30
857,2023,11,Liverpool,Manchester City,1,0,0,1,0,2.1,1.0,37,63,James Milner,4-2-3-1,13,2,17.5,0,0,0,İlkay Gündoğan,3-4-3,16,6,18.4,0,0,0,Anthony Taylor,2022-10-16,Sun,16:30
862,2023,12,Liverpool,West Ham United,1,0,0,1,0,1.7,1.7,54,46,Jordan Henderson,4-4-2,22,7,17.5,0,0,0,Declan Rice,4-4-2,7,2,15.2,0,0,1,Stuart Attwell,2022-10-19,Wed,19:30
867,2023,13,Nottingham Forest,Liverpool,1,0,0,1,0,1.9,1.6,25,75,Ryan Yates,4-3-3,10,7,15.9,0,0,0,James Milner,4-4-2,15,7,10.4,0,0,0,Paul Tierney,2022-10-22,Sat,12:30
884,2023,14,Liverpool,Leeds United,0,1,0,1,2,1.7,1.8,68,32,Virgil van Dijk,4-1-2-1-2◆,22,10,16.4,0,0,0,Liam Cooper,4-2-3-1,14,6,19.4,3,0,0,Michael Oliver,2022-10-29,Sat,19:45
896,2023,15,Tottenham Hotspur,Liverpool,0,1,0,1,2,1.2,1.2,47,53,Hugo Lloris,5-3-2,14,5,14.4,0,0,0,Virgil van Dijk,4-1-2-1-2◆,13,6,21.2,0,0,0,Andy Madley,2022-11-06,Sun,16:30
902,2023,16,Liverpool,Southampton,1,0,0,3,1,1.9,1.1,60,40,Virgil van Dijk,4-3-3,15,7,12.4,0,0,0,James Ward-Prowse,5-3-2,9,5,11.9,0,0,0,Simon Hooper,2022-11-12,Sat,15:00
912,2023,17,Aston Villa,Liverpool,0,1,0,1,3,1.4,2.7,48,52,John McGinn,4-4-2,12,6,15.3,0,0,0,Jordan Henderson,4-3-3,16,9,17.0,0,0,0,Paul Tierney,2022-12-26,Mon,17:30
918,2023,18,Liverpool,Leicester City,1,0,0,2,1,2.2,1.0,57,43,Jordan Henderson,4-3-3,21,5,18.4,1,0,0,Wilfred Ndidi,4-2-3-1,7,2,12.1,0,0,0,Craig Pawson,2022-12-30,Fri,20:00
927,2023,19,Brentford,Liverpool,1,0,0,3,1,1.6,0.9,28,72,Christian Nørgaard,3-5-2,10,7,10.5,0,0,0,Virgil van Dijk,4-3-3,16,5,15.3,0,0,0,Stuart Attwell,2023-01-02,Mon,17:30
940,2023,20,Brighton And Hove Albion,Liverpool,1,0,0,3,0,1.9,1.0,61,39,Lewis Dunk,4-2-3-1,16,8,16.3,0,0,0,Jordan Henderson,4-1-2-1-2◆,6,2,12.8,0,0,0,Darren England,2023-01-14,Sat,15:00
950,2023,21,Liverpool,Chelsea,0,0,1,0,0,1.4,1.6,48,52,James Milner,4-3-3,15,3,15.5,0,0,0,Jorginho,3-4-3,11,2,13.8,0,0,0,Michael Oliver,2023-01-21,Sat,12:30
966,2023,22,Wolverhampton Wanderers,Liverpool,1,0,0,3,0,2.0,1.8,41,59,Rúben Neves,4-4-2,12,5,18.3,0,0,0,Andrew Robertson,4-3-3,22,2,19.5,1,0,0,Paul Tierney,2023-02-04,Sat,15:00
980,2023,23,Liverpool,Everton,1,0,0,2,0,2.3,0.4,59,41,Jordan Henderson,4-3-3,15,6,16.7,1,0,0,Séamus Coleman,4-5-1,6,1,15.3,0,0,0,Simon Hooper,2023-02-13,Mon,20:00
989,2023,24,Newcastle United,Liverpool,0,1,0,0,2,2.0,1.9,38,62,Kieran Trippier,4-3-3,14,4,12.9,0,0,0,Jordan Henderson,4-3-3,13,7,16.4,1,0,0,Anthony Taylor,2023-02-18,Sat,17:30
998,2023,25,Crystal Palace,Liverpool,0,0,1,0,0,0.7,0.9,37,63,Marc Guéhi,4-2-3-1,6,0,15.0,0,0,0,Jordan Henderson,4-3-3,12,4,16.0,1,0,0,Darren England,2023-02-25,Sat,19:45
1001,2023,7,Liverpool,Wolverhampton Wanderers,1,0,0,2,0,2.6,0.8,57,43,Virgil van Dijk,4-3-3,15,6,13.6,0,0,0,Rúben Neves,4-2-3-1,4,1,11.0,0,0,0,Paul Tierney,2023-03-01,Wed,20:00
1010,2023,26,Liverpool,Manchester United,1,0,0,7,0,2.8,0.8,59,41,Jordan Henderson,4-3-3,18,8,12.7,0,0,0,Bruno Fernandes,4-2-3-1,8,4,15.4,0,0,0,Andy Madley,2023-03-05,Sun,16:30
1012,2023,27,Bournemouth,Liverpool,1,0,0,1,0,0.9,1.7,31,69,Neto,4-4-1-1,5,2,12.3,0,0,0,Virgil van Dijk,4-3-3,14,5,18.5,0,0,1,John Brooks,2023-03-11,Sat,12:30
1031,2023,29,Manchester City,Liverpool,1,0,0,4,1,2.9,0.3,68,32,İlkay Gündoğan,3-2-4-1,17,8,14.5,1,0,0,Jordan Henderson,4-3-3,4,1,15.9,0,0,0,Simon Hooper,2023-04-01,Sat,12:30
1044,2023,8,Chelsea,Liverpool,0,0,1,0,0,2.2,0.3,49,51,N'Golo Kanté,3-5-2,12,2,16.1,0,0,0,Jordan Henderson,4-3-3,7,3,25.4,0,0,0,Anthony Taylor,2023-04-04,Tue,20:00
1056,2023,30,Liverpool,Arsenal,0,0,1,2,2,3.9,1.4,59,41,Jordan Henderson,4-3-3,20,6,14.0,0,0,1,Martin Ødegaard,4-3-3,9,5,15.7,0,0,0,Paul Tierney,2023-04-09,Sun,16:30
1066,2023,31,Leeds United,Liverpool,0,1,0,1,6,1.4,2.7,27,73,Rodrigo,4-2-3-1,13,3,17.6,0,0,0,Jordan Henderson,4-3-3,13,7,12.9,0,0,0,Craig Pawson,2023-04-17,Mon,20:00
1071,2023,32,Liverpool,Nottingham Forest,1,0,0,3,2,2.8,0.9,80,20,Jordan Henderson,4-3-3,18,5,12.5,0,0,0,Remo Freuler,3-4-3,11,5,17.4,0,0,0,Michael Oliver,2023-04-22,Sat,15:00
1080,2023,33,West Ham United,Liverpool,0,1,0,1,2,0.8,1.9,28,72,Declan Rice,4-2-3-1,7,2,15.5,0,0,0,Jordan Henderson,4-3-3,20,4,16.8,0,0,0,Chris Kavanagh,2023-04-26,Wed,19:45
1092,2023,34,Liverpool,Tottenham Hotspur,1,0,0,4,3,2.2,2.0,67,33,Virgil van Dijk,4-3-3,11,3,16.1,0,1,1,Harry Kane,3-4-3,10,6,20.1,0,0,0,Paul Tierney,2023-04-30,Sun,16:30
1096,2023,28,Liverpool,Fulham,1,0,0,1,0,1.8,0.9,57,43,Jordan Henderson,4-3-3,14,2,22.6,0,1,1,Tom Cairney,4-2-3-1,9,3,16.8,0,0,0,Stuart Attwell,2023-05-03,Wed,20:00
1102,2023,35,Liverpool,Brentford,1,0,0,1,0,2.2,0.2,54,46,Virgil van Dijk,4-3-3,15,5,18.8,0,0,0,Ivan Toney,5-3-2,5,1,19.5,1,0,0,Anthony Taylor,2023-05-06,Sat,17:30
1117,2023,36,Leicester City,Liverpool,0,1,0,0,3,0.4,2.2,34,66,Jonny Evans,4-2-3-1,4,4,13.4,0,0,0,Jordan Henderson,4-3-3,16,5,17.5,1,0,0,Craig Pawson,2023-05-15,Mon,20:00
1122,2023,37,Liverpool,Aston Villa,0,0,1,1,1,0.7,1.3,66,34,Jordan Henderson,4-3-3,10,5,18.2,0,0,0,John McGinn,4-2-3-1,5,3,19.5,0,0,1,John Brooks,2023-05-20,Sat,15:00
1133,2023,38,Southampton,Liverpool,0,0,1,4,4,1.8,4.0,31,69,James Ward-Prowse,4-2-3-1,15,10,17.5,1,0,0,James Milner,4-3-3,30,8,18.5,0,0,0,Darren England,2023-05-28,Sun,16:30
1149,2024,1,Chelsea,Liverpool,0,0,1,1,1,1.4,1.3,65,35,Reece James,3-4-3,10,4,13.2,1,0,0,Virgil van Dijk,4-3-3,13,1,17.8,0,0,0,Anthony Taylor,2023-08-13,Sun,16:30
1154,2024,2,Liverpool,Bournemouth,1,0,0,3,1,3.0,1.3,64,36,Virgil van Dijk,4-3-3,25,9,16.8,1,0,1,Neto,4-2-3-1,13,5,19.7,1,0,0,Thomas Bramall,2023-08-19,Sat,15:00
1169,2024,3,Newcastle United,Liverpool,0,1,0,1,2,2.0,0.9,59,41,Kieran Trippier,4-3-3,23,8,18.3,1,0,0,Virgil van Dijk,4-3-3,9,4,17.2,1,0,0,John Brooks,2023-08-27,Sun,16:30
1178,2024,4,Liverpool,Aston Villa,1,0,0,3,0,2.5,0.7,63,37,Trent Alexander-Arnold,4-3-3,17,4,14.7,0,0,0,John McGinn,4-4-2,9,3,12.5,0,0,0,Simon Hooper,2023-09-03,Sun,14:00
1180,2024,5,Wolverhampton Wanderers,Liverpool,0,1,0,1,3,0.6,2.5,35,65,Max Kilman,4-2-3-1,11,2,18.7,0,0,0,Andrew Robertson,4-3-3,16,5,15.8,0,0,0,Michael Oliver,2023-09-16,Sat,12:30
1195,2024,6,Liverpool,West Ham United,1,0,0,3,1,3.0,1.1,63,37,Virgil van Dijk,4-3-3,21,6,19.3,2,1,1,Kurt Zouma,4-2-3-1,11,4,13.5,0,0,0,Chris Kavanagh,2023-09-24,Sun,14:00
1207,2024,7,Tottenham Hotspur,Liverpool,1,0,0,2,1,2.2,1.3,64,36,Son Heung-min,4-2-3-1,24,8,19.8,0,0,0,Virgil van Dijk,4-3-3,12,4,14.9,0,0,0,Simon Hooper,2023-09-30,Sat,17:30
1217,2024,8,Brighton And Hove Albion,Liverpool,0,0,1,2,2,2.3,2.3,46,54,Lewis Dunk,4-2-3-1,14,3,16.9,2,0,0,Virgil van Dijk,4-3-3,13,3,18.8,0,1,1,Anthony Taylor,2023-10-08,Sun,14:00
1221,2024,9,Liverpool,Everton,1,0,0,2,0,2.2,0.1,77,23,Virgil van Dijk,4-3-3,25,5,22.4,1,1,1,James Tarkowski,4-4-1-1,6,1,35.2,0,0,0,Craig Pawson,2023-10-21,Sat,12:30
1237,2024,10,Liverpool,Nottingham Forest,1,0,0,3,0,3.2,0.4,72,28,Virgil van Dijk,4-3-3,21,8,19.5,2,0,0,Serge Aurier,5-4-1,9,1,15.6,0,0,0,Chris Kavanagh,2023-10-29,Sun,14:00
1249,2024,11,Luton Town,Liverpool,0,0,1,1,1,0.8,2.6,27,73,Tom Lockyer,3-4-3,8,5,17.9,0,0,0,Virgil van Dijk,4-3-3,24,6,17.5,0,0,0,Andy Madley,2023-11-05,Sun,16:30
1258,2024,12,Liverpool,Brentford,1,0,0,3,0,1.7,1.6,58,42,Virgil van Dijk,4-3-3,17,10,19.0,0,0,0,Christian Nørgaard,5-3-2,16,3,17.0,2,0,0,Paul Tierney,2023-11-12,Sun,14:00
1261,2024,13,Manchester City,Liverpool,0,0,1,1,1,1.3,0.6,59,41,Kyle Walker,3-2-4-1,16,5,16.3,1,0,0,Virgil van Dijk,4-3-3,8,3,15.9,0,0,0,Chris Kavanagh,2023-11-25,Sat,12:30
1278,2024,14,Liverpool,Fulham,1,0,0,4,3,2.1,1.2,61,39,Virgil van Dijk,4-3-3,26,12,18.9,1,0,0,Tim Ream,4-2-3-1,9,5,13.3,0,0,0,Stuart Attwell,2023-12-03,Sun,14:00
1286,2024,15,Sheffield United,Liverpool,0,1,0,0,2,1.0,1.7,25,75,Anel Ahmedhodžić,3-4-3,6,1,14.6,1,0,0,Virgil van Dijk,4-3-3,15,8,16.4,0,0,0,Simon Hooper,2023-12-06,Wed,19:30
1291,2024,16,Crystal Palace,Liverpool,0,1,0,1,2,1.7,1.2,24,76,Joel Ward,4-3-3,7,3,17.4,0,1,1,Virgil van Dijk,4-3-3,14,2,17.4,0,0,0,Andy Madley,2023-12-09,Sat,12:30
1309,2024,17,Liverpool,Manchester United,0,0,1,0,0,2.3,0.8,68,32,Virgil van Dijk,4-3-3,34,8,17.7,0,0,0,Scott McTominay,4-2-3-1,6,1,16.3,0,0,0,Michael Oliver,2023-12-17,Sun,16:30
1317,2024,18,Liverpool,Arsenal,0,0,1,1,1,1.0,0.7,52,48,Virgil van Dijk,4-3-3,13,3,20.1,1,0,0,Martin Ødegaard,4-3-3,13,2,17.2,0,0,0,Chris Kavanagh,2023-12-23,Sat,17:30
1322,2024,19,Burnley,Liverpool,0,1,0,0,2,0.8,1.8,32,68,Josh Brownhill,4-4-2,9,0,16.7,0,0,0,Virgil van Dijk,4-3-3,19,10,17.4,0,0,0,Paul Tierney,2023-12-26,Tue,17:30
1337,2024,20,Liverpool,Newcastle United,1,0,0,4,2,7.0,0.6,61,39,Virgil van Dijk,4-3-3,32,12,16.2,0,1,2,Dan Burn,4-3-3,5,3,16.1,0,0,0,Anthony Taylor,2024-01-01,Mon,20:00
1347,2024,21,Bournemouth,Liverpool,0,1,0,0,4,1.4,1.5,40,60,Neto,4-2-3-1,11,1,19.8,0,0,0,Virgil van Dijk,4-3-3,14,7,19.2,0,0,0,Andy Madley,2024-01-21,Sun,16:30
1356,2024,22,Liverpool,Chelsea,1,0,0,4,1,2.9,0.6,50,50,Virgil van Dijk,4-3-3,27,13,19.9,2,0,1,Ben Chilwell,4-2-3-1,4,3,18.8,0,0,0,Paul Tierney,2024-01-31,Wed,20:15
1367,2024,23,Arsenal,Liverpool,1,0,0,3,1,3.5,0.4,43,57,Martin Ødegaard,4-3-3,15,7,14.2,0,0,0,Virgil van Dijk,4-3-3,10,1,19.7,0,0,0,Anthony Taylor,2024-02-04,Sun,16:30
1374,2024,24,Liverpool,Burnley,1,0,0,3,1,2.8,1.3,70,30,Virgil van Dijk,4-3-3,25,10,15.4,0,0,0,Josh Brownhill,4-4-2,9,4,17.6,0,0,0,Tim Robinson,2024-02-10,Sat,15:00
1379,2024,25,Brentford,Liverpool,0,1,0,1,4,1.6,2.8,38,62,Christian Nørgaard,3-5-2,15,6,19.8,3,0,0,Virgil van Dijk,4-3-3,15,8,15.9,1,0,0,Michael Oliver,2024-02-17,Sat,12:30
1390,2024,26,Liverpool,Luton Town,1,0,0,4,1,3.3,0.9,60,40,Virgil van Dijk,4-3-3,29,13,16.9,0,0,0,Carlton Morris,3-4-3,12,3,19.0,1,0,0,Andy Madley,2024-02-21,Wed,19:30
1402,2024,27,Nottingham Forest,Liverpool,0,1,0,0,1,1.0,2.0,31,69,Ryan Yates,4-2-3-1,8,2,19.3,0,0,0,Virgil van Dijk,4-3-3,22,1,14.6,0,0,0,Paul Tierney,2024-03-02,Sat,15:00
1417,2024,28,Liverpool,Manchester City,0,0,1,1,1,2.7,1.6,53,47,Virgil van Dijk,4-3-3,18,5,19.0,1,1,1,Kyle Walker,3-2-4-1,10,6,18.6,0,0,0,Michael Oliver,2024-03-10,Sun,15:45
1432,2024,30,Liverpool,Brighton And Hove Albion,1,0,0,2,1,2.8,0.5,55,45,Virgil van Dijk,4-3-3,30,8,16.6,0,0,0,Lewis Dunk,4-2-3-1,9,3,17.2,0,0,0,David Coote,2024-03-31,Sun,14:00
1442,2024,31,Liverpool,Sheffield United,1,0,0,3,1,1.8,0.6,82,18,Virgil van Dijk,4-3-3,29,9,18.1,1,0,0,Jack Robinson,3-5-2,5,3,13.6,1,0,0,Stuart Attwell,2024-04-04,Thu,19:30
1451,2024,32,Manchester United,Liverpool,0,0,1,2,2,0.7,3.6,38,62,Bruno Fernandes,4-2-3-1,9,5,18.1,0,0,0,Virgil van Dijk,4-3-3,27,6,17.5,0,1,1,Anthony Taylor,2024-04-07,Sun,15:30
1460,2024,33,Liverpool,Crystal Palace,0,1,0,0,1,2.7,2.0,69,31,Virgil van Dijk,4-3-3,21,5,12.5,1,0,0,Joachim Andersen,3-4-3,8,4,14.1,0,0,0,Chris Kavanagh,2024-04-14,Sun,14:00
1470,2024,34,Fulham,Liverpool,0,1,0,1,3,0.8,1.0,40,60,Bobby De Cordova-Reid,4-2-3-1,12,5,17.1,1,0,0,Virgil van Dijk,4-3-3,14,7,18.8,2,0,0,Craig Pawson,2024-04-21,Sun,16:30
1473,2024,29,Everton,Liverpool,1,0,0,2,0,1.2,2.1,25,75,James Tarkowski,4-4-1-1,16,6,14.9,0,0,0,Virgil van Dijk,4-3-3,23,7,16.8,0,0,0,Andy Madley,2024-04-24,Wed,20:00
1477,2024,35,West Ham United,Liverpool,0,0,1,2,2,0.7,1.7,29,71,Kurt Zouma,4-2-3-1,11,8,17.0,0,0,0,Virgil van Dijk,4-3-3,28,8,16.6,1,0,0,Anthony Taylor,2024-04-27,Sat,12:30
1496,2024,36,Liverpool,Tottenham Hotspur,1,0,0,4,2,3.3,1.2,44,56,Virgil van Dijk,4-3-3,25,12,15.3,0,0,0,Son Heung-min,4-3-3,11,6,21.6,1,0,0,Paul Tierney,2024-05-05,Sun,16:30
1507,2024,37,Aston Villa,Liverpool,0,0,1,3,3,3.1,1.7,41,59,John McGinn,4-2-3-1,19,5,15.2,0,0,0,Virgil van Dijk,4-3-3,14,7,17.1,0,0,0,Simon Hooper,2024-05-13,Mon,20:00
1513,2024,38,Liverpool,Wolverhampton Wanderers,1,0,0,2,0,4.5,0.5,67,33,Virgil van Dijk,4-3-3,36,13,14.8,0,0,0,Max Kilman,3-5-1-1,4,2,19.0,1,0,0,Chris Kavanagh,2024-05-19,Sun,16:00
1522,2025,1,Ipswich Town,Liverpool,0,1,0,0,2,0.5,2.6,38,62,Sam Morsy,4-2-3-1,7,2,16.0,0,0,0,Virgil van Dijk,4-2-3-1,18,5,14.8,0,0,0,Tim Robinson,2024-08-17,Sat,12:30
1540,2025,2,Liverpool,Brentford,1,0,0,2,0,2.5,0.5,62,38,Virgil van Dijk,4-2-3-1,19,8,13.6,1,0,0,Christian Nørgaard,4-4-2,8,2,18.1,0,0,0,Stuart Attwell,2024-08-25,Sun,16:30
1550,2025,3,Manchester United,Liverpool,0,1,0,0,3,1.4,1.8,53,47,Bruno Fernandes,4-2-3-1,8,3,15.6,0,0,0,Virgil van Dijk,4-2-3-1,11,3,13.4,0,0,0,Anthony Taylor,2024-09-01,Sun,16:00
1553,2025,4,Liverpool,Nottingham Forest,0,1,0,0,1,0.9,0.4,68,32,Virgil van Dijk,4-2-3-1,14,5,14.9,0,0,0,Ryan Yates,4-2-3-1,5,3,18.6,0,0,0,Michael Oliver,2024-09-14,Sat,15:00
1567,2025,5,Liverpool,Bournemouth,1,0,0,3,0,2.0,1.1,58,42,Virgil van Dijk,4-2-3-1,19,12,16.6,0,0,0,Lewis Cook,4-2-3-1,19,6,18.7,1,0,0,Tony Harrington,2024-09-21,Sat,15:00
1577,2025,6,Wolverhampton Wanderers,Liverpool,0,1,0,1,2,0.6,2.5,45,55,Mario Lemina,4-1-4-1,8,3,22.9,0,0,0,Virgil van Dijk,4-2-3-1,9,5,18.0,1,1,1,Anthony Taylor,2024-09-28,Sat,17:30
1581,2025,7,Crystal Palace,Liverpool,0,1,0,0,1,0.6,1.4,32,68,Marc Guéhi,3-4-3,9,5,21.9,0,0,0,Virgil van Dijk,4-2-3-1,16,4,18.9,0,0,0,Simon Hooper,2024-10-05,Sat,12:30
1599,2025,8,Liverpool,Chelsea,1,0,0,2,1,1.9,1.0,43,57,Virgil van Dijk,4-2-3-1,8,4,22.7,1,1,1,Reece James,4-2-3-1,12,2,16.1,1,0,0,John Brooks,2024-10-20,Sun,16:30
1610,2025,9,Arsenal,Liverpool,0,0,1,2,2,0.9,0.8,45,55,Bukayo Saka,4-4-2,9,3,14.1,0,0,0,Virgil van Dijk,4-2-3-1,9,4,17.8,0,0,0,Anthony Taylor,2024-10-27,Sun,16:30
1616,2025,10,Liverpool,Brighton And Hove Albion,1,0,0,2,1,1.6,1.0,49,51,Virgil van Dijk,4-2-3-1,16,8,14.0,0,0,0,Danny Welbeck,4-4-2,13,5,19.6,2,0,0,Tony Harrington,2024-11-02,Sat,15:00
1626,2025,11,Liverpool,Aston Villa,1,0,0,2,0,2.0,1.2,62,38,Virgil van Dijk,4-2-3-1,14,5,16.1,0,0,0,Emiliano Martínez,4-2-3-1,12,2,11.6,0,0,0,David Coote,2024-11-09,Sat,20:00
1638,2025,12,Southampton,Liverpool,0,1,0,2,3,1.3,3.1,38,62,Jack Stephens,5-4-1,6,4,19.0,0,0,1,Virgil van Dijk,4-2-3-1,26,10,18.2,1,1,1,Samuel Barrott,2024-11-24,Sun,14:00
1650,2025,13,Liverpool,Manchester City,1,0,0,2,0,3.4,0.8,44,56,Virgil van Dijk,4-2-3-1,17,6,17.5,0,1,1,Kyle Walker,4-2-3-1,8,2,16.2,0,0,0,Chris Kavanagh,2024-12-01,Sun,16:00
1653,2025,14,Newcastle United,Liverpool,0,0,1,3,3,2.1,1.9,42,58,Bruno Guimarães,4-3-3,17,6,19.1,1,0,0,Virgil van Dijk,4-2-3-1,16,5,12.7,0,0,0,Andy Madley,2024-12-04,Wed,19:30
1673,2025,16,Liverpool,Fulham,0,0,1,2,2,2.1,1.2,61,39,Virgil van Dijk,4-3-3,16,4,13.9,0,0,0,Antonee Robinson,4-2-3-1,12,3,16.9,1,0,0,Tony Harrington,2024-12-14,Sat,15:00
1689,2025,17,Tottenham Hotspur,Liverpool,0,1,0,3,6,1.3,5.6,52,48,Son Heung-min,4-2-3-1,9,5,17.1,0,0,0,Virgil van Dijk,4-2-3-1,24,11,13.3,0,0,0,Samuel Barrott,2024-12-22,Sun,16:30
1697,2025,18,Liverpool,Leicester City,1,0,0,3,1,2.0,0.3,68,32,Virgil van Dijk,4-2-3-1,19,7,15.3,0,0,0,Conor Coady,4-2-3-1,4,1,16.2,0,0,0,Darren Bond,2024-12-26,Thu,20:00
1705,2025,19,West Ham United,Liverpool,0,1,0,0,5,0.4,3.1,46,54,Jarrod Bowen,4-2-3-1,7,0,17.5,0,0,0,Virgil van Dijk,4-2-3-1,22,13,15.8,0,0,0,Anthony Taylor,2024-12-29,Sun,17:15
1718,2025,20,Liverpool,Manchester United,0,0,1,2,2,2.7,1.0,53,47,Virgil van Dijk,4-2-3-1,18,5,16.9,1,1,1,Bruno Fernandes,3-4-3,13,4,15.4,0,0,0,Michael Oliver,2025-01-05,Sun,16:30
1723,2025,21,Nottingham Forest,Liverpool,0,0,1,1,1,0.3,2.0,30,70,Ryan Yates,4-2-3-1,6,3,26.8,1,0,0,Virgil van Dijk,4-2-3-1,23,6,17.0,0,0,0,Chris Kavanagh,2025-01-14,Tue,20:00
1731,2025,22,Brentford,Liverpool,0,1,0,0,2,0.7,3.4,40,60,Christian Nørgaard,4-2-3-1,11,6,14.7,0,0,0,Virgil van Dijk,4-2-3-1,37,8,15.4,0,0,0,Andy Madley,2025-01-18,Sat,15:00
1742,2025,23,Liverpool,Ipswich Town,1,0,0,4,1,2.0,0.5,70,30,Virgil van Dijk,4-2-3-1,16,6,17.8,0,0,0,Sam Morsy,4-2-3-1,3,3,13.8,0,0,0,Michael Salisbury,2025-01-25,Sat,15:00
1753,2025,24,Bournemouth,Liverpool,0,1,0,0,2,1.6,2.5,49,51,Lewis Cook,4-2-3-1,14,3,17.4,0,0,0,Virgil van Dijk,4-2-3-1,18,6,18.5,0,1,1,Darren England,2025-02-01,Sat,15:00
1760,2025,15,Everton,Liverpool,0,0,1,2,2,1.0,0.6,37,63,James Tarkowski,4-2-3-1,10,3,18.3,0,0,0,Virgil van Dijk,4-2-3-1,6,4,15.4,0,0,0,Michael Oliver,2025-02-12,Wed,19:30
1769,2025,25,Liverpool,Wolverhampton Wanderers,1,0,0,2,1,1.7,1.5,50,50,Virgil van Dijk,4-2-3-1,9,2,16.9,0,1,1,Nélson Semedo,3-4-3,16,4,22.0,2,0,0,Simon Hooper,2025-02-16,Sun,14:00
1771,2025,29,Aston Villa,Liverpool,0,0,1,2,2,0.6,2.5,52,48,John McGinn,4-2-3-1,9,3,18.0,0,0,0,Virgil van Dijk,4-2-3-1,17,3,14.2,0,0,0,Craig Pawson,2025-02-19,Wed,19:30
1781,2025,26,Manchester City,Liverpool,0,1,0,0,2,0.6,0.7,66,34,Kevin De Bruyne,4-1-4-1,16,5,21.4,1,0,0,Virgil van Dijk,4-2-2-2,8,4,16.4,0,0,0,Anthony Taylor,2025-02-23,Sun,16:30
1790,2025,27,Liverpool,Newcastle United,1,0,0,2,0,1.7,0.2,61,39,Virgil van Dijk,4-2-3-1,12,3,16.2,0,0,0,Bruno Guimarães,4-2-3-1,3,0,19.3,1,0,0,Stuart Attwell,2025-02-26,Wed,20:15
1793,2025,28,Liverpool,Southampton,1,0,0,3,1,3.9,0.4,71,29,Virgil van Dijk,4-3-3,26,5,16.3,0,2,2,Jan Bednarek,4-2-3-1,6,4,17.5,0,0,0,Lewis Smith,2025-03-08,Sat,15:00
1818,2025,30,Liverpool,Everton,1,0,0,1,0,1.5,0.9,73,27,Virgil van Dijk,4-2-3-1,17,3,17.2,1,0,0,James Tarkowski,4-2-3-1,5,0,19.1,0,0,0,Samuel Barrott,2025-04-02,Wed,20:00
1825,2025,31,Fulham,Liverpool,1,0,0,3,2,0.7,1.5,37,63,Antonee Robinson,4-2-3-1,12,6,17.0,0,0,0,Virgil van Dijk,4-2-3-1,14,6,16.4,0,0,0,Chris Kavanagh,2025-04-06,Sun,14:00
1835,2025,32,Liverpool,West Ham United,1,0,0,2,1,1.8,1.4,55,45,Virgil van Dijk,4-2-3-1,15,6,15.5,1,0,0,Jarrod Bowen,3-5-2,11,4,13.5,0,0,0,Andy Madley,2025-04-13,Sun,14:00
1849,2025,33,Leicester City,Liverpool,0,1,0,0,1,0.3,2.5,42,58,Jamie Vardy,4-2-3-1,5,0,18.7,0,0,0,Virgil van Dijk,4-2-3-1,28,8,12.6,1,0,0,Stuart Attwell,2025-04-20,Sun,16:30
1859,2025,34,Liverpool,Tottenham Hotspur,1,0,0,5,1,2.2,0.5,61,39,Virgil van Dijk,4-2-3-1,25,6,19.3,0,0,0,James Maddison,4-3-3,8,3,20.4,0,0,0,Thomas Bramall,2025-04-27,Sun,16:30
1869,2025,35,Chelsea,Liverpool,1,0,0,3,1,3.1,1.0,36,64,Enzo Fernández,4-2-3-1,16,5,14.3,0,1,1,Virgil van Dijk,4-2-3-1,11,2,13.5,1,0,0,Simon Hooper,2025-05-04,Sun,16:30
1880,2025,36,Liverpool,Arsenal,0,0,1,2,2,2.4,2.6,45,55,Virgil van Dijk,4-2-3-1,14,5,16.6,1,0,0,Martin Ødegaard,4-3-3,15,6,15.5,0,0,0,Anthony Taylor,2025-05-11,Sun,16:30
1888,2025,37,Brighton And Hove Albion,Liverpool,1,0,0,3,2,2.2,2.2,49,51,Danny Welbeck,4-2-3-1,25,12,17.5,1,0,0,Mohamed Salah,4-2-3-1,18,5,16.1,1,0,0,Andy Madley,2025-05-19,Mon,20:00
1895,2025,38,Liverpool,Crystal Palace,0,0,1,1,1,2.1,1.8,69,31,Virgil van Dijk,4-2-3-1,14,3,14.3,0,0,0,Dean Henderson,3-4-3,8,5,16.1,0,0,0,Darren England,2025-05-25,Sun,16:00
